model,seed,hidden_size,learning_rate,dropout,accuracy,f1_macro,f1_weighted,precision_macro,recall_macro
Model 1,42,128,0.001,0.3,63.66685299049748,0.5480271456538547,0.6239984541985696,0.5697366469434286,0.5518970335857296
Model 2,123,112,0.0008,0.4,82.5041922861934,0.8283541497615868,0.8274979681335124,0.8103106816018304,0.8603732026388502
Model 3,777,144,0.0012,0.35,92.62157629960872,0.9184840577489671,0.9261537074187858,0.9219935242665172,0.9184091838137038
Model 4,2024,128,0.0007,0.45,88.3733929569592,0.8848542700626019,0.8836694417427629,0.89163558189949,0.8836382799245844
Model 5,999,96,0.0009,0.5,84.5164896590274,0.8457645726240304,0.8446440696016417,0.8398248574811178,0.8559282303792872
