Class,WHO_Step,Samples,Correct,Accuracy_%,Precision,Recall,F1_Score
0,Background/No Washing,145,129,88.96551724137932,0.86,0.8896551724137931,0.8745762711864407
1,Step 1: Palm to Palm,615,538,87.47967479674797,0.9275862068965517,0.8747967479674796,0.900418410041841
2,Step 2: Right Palm over Left Dorsum,141,138,97.87234042553192,0.8023255813953488,0.9787234042553191,0.8817891373801917
3,Step 3: Left Palm over Right Dorsum,186,185,99.46236559139786,0.9113300492610837,0.9946236559139785,0.9511568123393316
4,Step 4: Fingers Interlaced,215,194,90.23255813953489,0.9371980676328503,0.9023255813953488,0.919431279620853
5,Step 5: Backs of Fingers,194,187,96.3917525773196,0.949238578680203,0.9639175257731959,0.9565217391304348
6,Step 6: Rotational Rubbing of Thumbs,145,130,89.65517241379311,0.9027777777777778,0.896551724137931,0.8996539792387543
7,Step 7: Rotational Rubbing of Fingertips,88,68,77.27272727272727,0.85,0.7727272727272727,0.8095238095238095
8,Step 8: Rotational Rubbing of Wrists,60,56,93.33333333333333,1.0,0.9333333333333333,0.9655172413793104
